serial,id,name,tunnel_length
1,fr2,fr2_01.jpg,130.41467516252146
1,fr2,fr2_01.jpg,153.12636717637108
1,fr2,fr2_01.jpg,192.50915505503983
1,fr2,fr2_01.jpg,365.862484510115
1,fr2,fr2_01.jpg,38.68785926976666
1,fr2,fr2_01.jpg,563.0864787069619
1,fr2,fr2_01.jpg,49.589114738768814
1,fr2,fr2_01.jpg,65.50089981201661
1,fr2,fr2_01.jpg,96.9597936154246
1,fr2,fr2_01.jpg,236.21790862489848
1,fr2,fr2_01.jpg,187.63620949082224
1,fr2,fr2_01.jpg,176.29108833607347
1,fr2,fr2_01.jpg,25.266908352274353
1,fr2,fr2_01.jpg,64.40804592471254
1,fr2,fr2_01.jpg,72.6868343381647
1,fr2,fr2_01.jpg,100.30609845310303
1,fr2,fr2_01.jpg,17.856786783098087
1,fr2,fr2_01.jpg,24.826345025852714
1,fr2,fr2_01.jpg,58.58573231621522
1,fr2,fr2_01.jpg,56.96754550689963
1,fr2,fr2_01.jpg,31.063978727850554
1,fr2,fr2_01.jpg,19.64145018632434
1,fr2,fr2_01.jpg,31.201190043328275
1,fr2,fr2_01.jpg,6.4729901212240355
1,fr2,fr2_01.jpg,3.430294871491638
1,fr2,fr2_01.jpg,27.453609246007662
1,fr2,fr2_01.jpg,34.47259933058793
1,fr2,fr2_01.jpg,4.7626509331087075
1,fr2,fr2_01.jpg,29.82563195473238
1,fr2,fr2_01.jpg,11.48569796240503
1,fr2,fr2_01.jpg,13.406917786368263
1,fr2,fr2_01.jpg,5.679350453906197
1,fr2,fr2_01.jpg,1.0943175335329005
1,fr2,fr2_01.jpg,15.13425709140353
1,fr2,fr2_01.jpg,9.937250120408303
1,fr2,fr2_01.jpg,69.27634236888713
1,fr2,fr2_01.jpg,36.95936333093723
1,fr2,fr2_01.jpg,9.210771446727236
1,fr2,fr2_01.jpg,7.294797902128867
1,fr2,fr2_01.jpg,31.1322961773284
1,fr2,fr2_01.jpg,2.0
1,fr2,fr2_01.jpg,17.29781585134448
1,fr2,fr2_01.jpg,11.154274650921755
1,fr2,fr2_01.jpg,3.525434144763881
1,fr2,fr2_01.jpg,2.7521415707291004
1,fr2,fr2_01.jpg,26.80145965198023
1,fr2,fr2_01.jpg,19.274597577949546
1,fr2,fr2_01.jpg,2.122774797171422
1,fr2,fr2_01.jpg,7.5694839743558635
1,fr2,fr2_01.jpg,21.85830772680636
1,fr2,fr2_01.jpg,5.007489219775131
1,fr2,fr2_01.jpg,3.768801383221597
1,fr2,fr2_01.jpg,1.337954953199144
1,fr2,fr2_01.jpg,4.097575314352394
1,fr2,fr2_01.jpg,25.48062101349478
1,fr2,fr2_01.jpg,50.53065597689755
1,fr2,fr2_01.jpg,39.1181022974386
1,fr2,fr2_01.jpg,45.24861549677445
1,fr2,fr2_01.jpg,30.86323523653772
1,fr2,fr2_01.jpg,0.5983516452371671
1,fr2,fr2_01.jpg,10.980674331103721
1,fr2,fr2_01.jpg,4.089675849063436
1,fr2,fr2_01.jpg,2.926187864700138
1,fr2,fr2_01.jpg,14.842426183102496
1,fr2,fr2_01.jpg,9.09321522749331
1,fr2,fr2_01.jpg,37.79077693276784
1,fr2,fr2_01.jpg,6.5448233490600245
1,fr2,fr2_01.jpg,4.8793228823736445
1,fr2,fr2_01.jpg,2.6094757082487297
1,fr2,fr2_01.jpg,4.818632964933027
1,fr2,fr2_01.jpg,14.30337349945546
1,fr2,fr2_01.jpg,27.80023602741825
1,fr2,fr2_01.jpg,24.271468201134613
1,fr2,fr2_01.jpg,25.64808695922162
1,fr2,fr2_01.jpg,5.994321151274036
1,fr2,fr2_01.jpg,3.4444444444444446
1,fr2,fr2_01.jpg,2.7777777777777777
1,fr2,fr2_01.jpg,2.810913475705226
1,fr2,fr2_01.jpg,1.617802197617893
1,fr2,fr2_01.jpg,2.4595492912420727
1,fr2,fr2_01.jpg,5.057381494954776
1,fr2,fr2_01.jpg,3.945617978792156
1,fr2,fr2_01.jpg,5.193402386051713
1,fr2,fr2_01.jpg,3.9752319599996264
1,fr2,fr2_01.jpg,5.418304595660715
1,fr2,fr2_01.jpg,4.236082124402729
1,fr2,fr2_01.jpg,8.93532869702595
1,fr2,fr2_01.jpg,8.97458693507041
1,fr2,fr2_01.jpg,11.03561321648785
1,fr2,fr2_01.jpg,9.411166844682969
1,fr2,fr2_01.jpg,25.02471215484855
1,fr2,fr2_01.jpg,0.9493337494797256
1,fr2,fr2_01.jpg,10.461336363882983
1,fr2,fr2_01.jpg,2.5555555555555554
1,fr2,fr2_01.jpg,5.295075158748514
1,fr2,fr2_01.jpg,1.2957670877434002
1,fr2,fr2_01.jpg,4.291387319314366
1,fr2,fr2_01.jpg,4.076255962548587
1,fr2,fr2_01.jpg,4.691819005679893
1,fr2,fr2_01.jpg,1.6814162167135063
1,fr2,fr2_01.jpg,6.952822603797664
1,fr2,fr2_01.jpg,15.414082769083368
1,fr2,fr2_01.jpg,11.254223985443847
1,fr2,fr2_01.jpg,18.70189240678447
1,fr2,fr2_01.jpg,6.950636917206399
1,fr2,fr2_01.jpg,4.641436143763999
1,fr2,fr2_01.jpg,3.5817454409182354
1,fr2,fr2_01.jpg,1.7777777777777777
1,fr2,fr2_01.jpg,14.041336507798205
1,fr2,fr2_01.jpg,5.195820100885282
1,fr2,fr2_01.jpg,7.53458762047523
1,fr2,fr2_01.jpg,4.691368008365123
1,fr2,fr2_01.jpg,2.781441363918166
1,fr2,fr2_01.jpg,2.1372648957412603
1,fr2,fr2_01.jpg,5.857134111227449
1,fr2,fr2_01.jpg,4.899217945376339
1,fr2,fr2_01.jpg,3.072140500508427
1,fr2,fr2_01.jpg,6.670259744127086
1,fr2,fr2_01.jpg,6.641127419746272
1,fr2,fr2_01.jpg,12.286836088482557
1,fr2,fr2_01.jpg,8.307108594558233
1,fr2,fr2_01.jpg,4.065388337481613
1,fr2,fr2_01.jpg,2.8106255712207777
1,fr2,fr2_01.jpg,6.195099766112226
1,fr2,fr2_01.jpg,6.4668798402639185
1,fr2,fr2_01.jpg,4.485800862592358
1,fr2,fr2_01.jpg,11.40757804890986
1,fr2,fr2_01.jpg,33.14840431566543
1,fr2,fr2_01.jpg,39.31697260780985
1,fr2,fr2_01.jpg,37.011315090676334
1,fr2,fr2_01.jpg,4.818474025192462
1,fr2,fr2_01.jpg,2.4969116726938037
1,fr2,fr2_01.jpg,9.048606164799565
1,fr2,fr2_01.jpg,6.388046944718961
1,fr2,fr2_01.jpg,2.8790448052056568
1,fr2,fr2_01.jpg,23.70228563697482
1,fr2,fr2_01.jpg,9.33441864648902
1,fr2,fr2_01.jpg,11.481675549117304
1,fr2,fr2_01.jpg,9.152676950020355
1,fr2,fr2_01.jpg,10.58038953235732
1,fr2,fr2_01.jpg,26.84662775869076
1,fr2,fr2_01.jpg,39.32725152243185
1,fr2,fr2_01.jpg,30.105779536561993
1,fr2,fr2_01.jpg,30.38062719914988
1,fr2,fr2_01.jpg,2.048787657176197
1,fr2,fr2_01.jpg,2.85242808007093
1,fr2,fr2_01.jpg,13.612902696189087
1,fr2,fr2_01.jpg,17.023279290628984
1,fr2,fr2_01.jpg,17.878190065110633
1,fr2,fr2_01.jpg,15.609006328496557
1,fr2,fr2_01.jpg,2.0397288611873132
1,fr2,fr2_01.jpg,4.051899549273035
1,fr2,fr2_01.jpg,9.625776391112002
1,fr2,fr2_01.jpg,7.31053925022816
1,fr2,fr2_01.jpg,1.2957670877434002
1,fr2,fr2_01.jpg,2.0123078084749815
1,fr2,fr2_01.jpg,18.911288280577764
1,fr2,fr2_01.jpg,2.888888888888889
1,fr2,fr2_01.jpg,15.651040686129969
1,fr2,fr2_01.jpg,15.865992392845246
1,fr2,fr2_01.jpg,22.082874283190122
1,fr2,fr2_01.jpg,10.310145407682421
1,fr2,fr2_01.jpg,7.001964589982709
1,fr2,fr2_01.jpg,6.591074430437968
1,fr2,fr2_01.jpg,7.061708023273039
1,fr2,fr2_01.jpg,9.742793093933301
1,fr2,fr2_01.jpg,12.408388239641244
1,fr2,fr2_01.jpg,13.459235495578715
1,fr2,fr2_01.jpg,12.50664455249239
1,fr2,fr2_01.jpg,31.840953502754033
1,fr2,fr2_01.jpg,1.4229164972072996
1,fr2,fr2_01.jpg,3.0695706722523397
1,fr2,fr2_01.jpg,15.877920481298341
1,fr2,fr2_01.jpg,15.212927659510719
1,fr2,fr2_01.jpg,5.771244856945921
1,fr2,fr2_01.jpg,3.39934634239519
1,fr2,fr2_01.jpg,28.498909827752396
1,fr2,fr2_01.jpg,36.180767643479406
1,fr2,fr2_01.jpg,44.04765984790526
1,fr2,fr2_01.jpg,26.029576251753294
1,fr2,fr2_01.jpg,21.766756402815084
1,fr2,fr2_01.jpg,2.7442420078285483
1,fr2,fr2_01.jpg,1.795054935711501
1,fr2,fr2_01.jpg,13.492495602838037
1,fr2,fr2_01.jpg,3.0179456040025507
1,fr2,fr2_01.jpg,5.927676550306223
1,fr2,fr2_01.jpg,20.390227961553006
1,fr2,fr2_01.jpg,1.8324913891634047
1,fr2,fr2_01.jpg,3.584958417680926
1,fr2,fr2_01.jpg,13.645874422078135
1,fr2,fr2_01.jpg,16.67466409384153
1,fr2,fr2_01.jpg,6.171584589932177
1,fr2,fr2_01.jpg,2.519063121945474
1,fr2,fr2_01.jpg,2.7583943884281066
1,fr2,fr2_01.jpg,17.730060662164483
1,fr2,fr2_01.jpg,8.903216662527418
1,fr2,fr2_01.jpg,4.088526553994244
1,fr2,fr2_01.jpg,5.747541404081458
1,fr2,fr2_01.jpg,8.244921943859437
1,fr2,fr2_01.jpg,9.917937902488383
1,fr2,fr2_01.jpg,10.43544573088353
1,fr2,fr2_01.jpg,13.781227638264582
1,fr2,fr2_01.jpg,17.913595934173802
1,fr2,fr2_01.jpg,7.579270460659533
1,fr2,fr2_01.jpg,6.189861586937558
1,fr2,fr2_01.jpg,2.3752842584924387
1,fr2,fr2_01.jpg,11.260704702645077
1,fr2,fr2_01.jpg,7.9869086837998715
1,fr2,fr2_01.jpg,3.654064116621027
1,fr2,fr2_01.jpg,6.512492452906907
1,fr2,fr2_01.jpg,7.550258557975415
1,fr2,fr2_01.jpg,2.7777777777777777
1,fr2,fr2_01.jpg,5.8621848680254995
1,fr2,fr2_01.jpg,3.2623239978874405
1,fr2,fr2_01.jpg,6.391725995725928
1,fr2,fr2_01.jpg,7.528524159987451
1,fr2,fr2_01.jpg,5.0845142103204966
1,fr2,fr2_01.jpg,7.877209399359397
1,fr2,fr2_01.jpg,3.893722645571136
1,fr2,fr2_01.jpg,14.570730704765863
1,fr2,fr2_01.jpg,16.38896206240875
1,fr2,fr2_01.jpg,4.329956692219323
1,fr2,fr2_01.jpg,1.8324913891634047
1,fr2,fr2_01.jpg,31.96634525891823
1,fr2,fr2_01.jpg,23.78045733081438
1,fr2,fr2_01.jpg,1.4229164972072996
1,fr2,fr2_01.jpg,10.700701234256094
1,fr2,fr2_01.jpg,3.226604738580023
1,fr2,fr2_01.jpg,8.536607033896724
1,fr2,fr2_01.jpg,7.100858353382211
1,fr2,fr2_01.jpg,7.63590885391976
1,fr2,fr2_01.jpg,6.418709910560467
1,fr2,fr2_01.jpg,6.935806234712671
1,fr2,fr2_01.jpg,8.797605348394375
1,fr2,fr2_01.jpg,2.249828525701843
1,fr2,fr2_01.jpg,2.23606797749979
1,fr2,fr2_01.jpg,3.347168388510789
1,fr2,fr2_01.jpg,26.92442196780212
1,fr2,fr2_01.jpg,3.4112250775506294
1,fr2,fr2_01.jpg,1.9914858154155937
1,fr2,fr2_01.jpg,4.539093806077661
1,fr2,fr2_01.jpg,20.3991640263245
1,fr2,fr2_01.jpg,3.5561854696430846
1,fr2,fr2_01.jpg,1.0540925533894598
1,fr2,fr2_01.jpg,7.014811283207702
1,fr2,fr2_01.jpg,11.166795567529276
1,fr2,fr2_01.jpg,17.39876303604487
1,fr2,fr2_01.jpg,7.404504407150629
1,fr2,fr2_01.jpg,2.2054286446440114
1,fr2,fr2_01.jpg,5.078299990079959
1,fr2,fr2_01.jpg,15.553706763900088
1,fr2,fr2_01.jpg,5.780039016485648
1,fr2,fr2_01.jpg,3.792455147972447
1,fr2,fr2_01.jpg,30.990221119606026
1,fr2,fr2_01.jpg,2.6910604952547654
1,fr2,fr2_01.jpg,4.574304667270248
1,fr2,fr2_01.jpg,20.078818273282383
1,fr2,fr2_01.jpg,3.269764215458258
1,fr2,fr2_01.jpg,2.249828525701843
1,fr2,fr2_01.jpg,49.73970529007136
1,fr2,fr2_01.jpg,7.273612367779175
1,fr2,fr2_01.jpg,20.865851904435097
1,fr2,fr2_01.jpg,24.197290561307923
1,fr2,fr2_01.jpg,28.213195381757178
1,fr2,fr2_01.jpg,26.974665534706226
1,fr2,fr2_01.jpg,17.190005548648198
1,fr2,fr2_01.jpg,6.248038727543587
1,fr2,fr2_01.jpg,5.125859475544164
1,fr2,fr2_01.jpg,2.971277812319142
1,fr2,fr2_01.jpg,8.118465000401649
1,fr2,fr2_01.jpg,5.700886136481941
1,fr2,fr2_01.jpg,10.212149658717621
1,fr2,fr2_01.jpg,5.035250853035856
1,fr2,fr2_01.jpg,11.884516193096614
1,fr2,fr2_01.jpg,4.0464680116400835
1,fr2,fr2_01.jpg,4.30228761610198
1,fr2,fr2_01.jpg,5.282278111288644
1,fr2,fr2_01.jpg,5.411358427966012
1,fr2,fr2_01.jpg,3.9785860688605874
1,fr2,fr2_01.jpg,6.9397440395563
1,fr2,fr2_01.jpg,5.472271763736524
1,fr2,fr2_01.jpg,13.065362617328233
1,fr2,fr2_01.jpg,8.465344422273251
1,fr2,fr2_01.jpg,1.8921540406584891
1,fr2,fr2_01.jpg,9.192595802375243
1,fr2,fr2_01.jpg,4.808685557418311
1,fr2,fr2_01.jpg,10.189521530651087
1,fr2,fr2_01.jpg,9.617696304755778
1,fr2,fr2_01.jpg,3.229875967499696
1,fr2,fr2_01.jpg,5.233714759725417
1,fr2,fr2_01.jpg,30.37122414002617
1,fr2,fr2_01.jpg,26.51839218866971
1,fr2,fr2_01.jpg,12.817181075434167
1,fr2,fr2_01.jpg,3.857012212824396
1,fr2,fr2_01.jpg,24.465922440742204
1,fr2,fr2_01.jpg,4.162758279266047
1,fr2,fr2_01.jpg,4.805455392454477
1,fr2,fr2_01.jpg,5.576471178460186
1,fr2,fr2_01.jpg,17.96961975994148
1,fr2,fr2_01.jpg,45.41992616287354
1,fr2,fr2_01.jpg,9.321664860765525
1,fr2,fr2_01.jpg,2.671292284482513
1,fr2,fr2_01.jpg,14.077323592733869
1,fr2,fr2_01.jpg,12.93647940200953
1,fr2,fr2_01.jpg,3.892010365327053
1,fr2,fr2_01.jpg,5.695183147574476
1,fr2,fr2_01.jpg,5.685440725923578
1,fr2,fr2_01.jpg,4.826115175795711
1,fr2,fr2_01.jpg,9.631781060620112
1,fr2,fr2_01.jpg,10.865516949737538
1,fr2,fr2_01.jpg,7.788135733684821
1,fr2,fr2_01.jpg,7.613828012650373
1,fr2,fr2_01.jpg,2.76837221031842
1,fr2,fr2_01.jpg,12.92905748260528
1,fr2,fr2_01.jpg,1.7916128329552332
1,fr2,fr2_01.jpg,5.162718689483109
1,fr2,fr2_01.jpg,4.446482514544047
1,fr2,fr2_01.jpg,1.3517250067329376
1,fr2,fr2_01.jpg,29.364362478244075
1,fr2,fr2_01.jpg,36.566069784263966
1,fr2,fr2_01.jpg,32.36001718066201
1,fr2,fr2_01.jpg,11.541382786482238
1,fr2,fr2_01.jpg,13.543959391146268
1,fr2,fr2_01.jpg,5.187830013301667
1,fr2,fr2_01.jpg,6.692035433356365
1,fr2,fr2_01.jpg,6.541982977785206
1,fr2,fr2_01.jpg,4.440275822819575
1,fr2,fr2_01.jpg,6.520084071114023
1,fr2,fr2_01.jpg,12.839702724034318
1,fr2,fr2_01.jpg,9.224078276145153
1,fr2,fr2_01.jpg,15.374248377086765
1,fr2,fr2_01.jpg,6.635398085009005
1,fr2,fr2_01.jpg,10.797185803750416
1,fr2,fr2_01.jpg,6.262332493285799
1,fr2,fr2_01.jpg,1.90191586318041
1,fr2,fr2_01.jpg,2.902723944066344
1,fr2,fr2_01.jpg,22.082016563505373
1,fr2,fr2_01.jpg,12.343440379061384
1,fr2,fr2_01.jpg,5.647183134844408
1,fr2,fr2_01.jpg,5.137498148061053
1,fr2,fr2_01.jpg,3.073181485764296
1,fr2,fr2_01.jpg,5.555555555555555
1,fr2,fr2_01.jpg,1.7568209223157663
1,fr2,fr2_01.jpg,32.907482582999634
1,fr2,fr2_01.jpg,9.785400009004398
1,fr2,fr2_01.jpg,23.30681874665221
1,fr2,fr2_01.jpg,6.992828648775994
1,fr2,fr2_01.jpg,7.3619771537835765
1,fr2,fr2_01.jpg,8.227692223113444
1,fr2,fr2_01.jpg,5.146424562586262
1,fr2,fr2_01.jpg,4.616992301453701
1,fr2,fr2_01.jpg,1.6703662642636565
1,fr2,fr2_01.jpg,7.416950876365013
1,fr2,fr2_01.jpg,8.190852458527255
1,fr2,fr2_01.jpg,11.460935989928059
1,fr2,fr2_01.jpg,7.0891866223120195
1,fr2,fr2_01.jpg,8.37076645526475
1,fr2,fr2_01.jpg,16.76474244254389
1,fr2,fr2_01.jpg,9.964794454417653
1,fr2,fr2_01.jpg,9.678332472514397
1,fr2,fr2_01.jpg,9.054833341015918
1,fr2,fr2_01.jpg,7.366230089513808
1,fr2,fr2_01.jpg,3.1655971956598177
1,fr2,fr2_01.jpg,3.7049862351257463
1,fr2,fr2_01.jpg,1.4487116456005886
1,fr2,fr2_01.jpg,6.987559097822752
1,fr2,fr2_01.jpg,2.8674417556808756
1,fr2,fr2_01.jpg,1.9180751668480076
1,fr2,fr2_01.jpg,1.7391639824998366
1,fr2,fr2_01.jpg,2.0123078084749815
1,fr2,fr2_01.jpg,20.156161195096704
1,fr2,fr2_01.jpg,13.571369164101043
1,fr2,fr2_01.jpg,3.144660377352201
1,fr2,fr2_01.jpg,3.9940685556159354
1,fr2,fr2_01.jpg,26.487144923506403
1,fr2,fr2_01.jpg,3.6406766037681453
1,fr2,fr2_01.jpg,2.111111111111111
1,fr2,fr2_01.jpg,2.7777777777777777
1,fr2,fr2_01.jpg,46.72867735518776
1,fr2,fr2_01.jpg,6.88049311367683
1,fr2,fr2_01.jpg,10.49366910141899
1,fr2,fr2_01.jpg,3.639630967590933
1,fr2,fr2_01.jpg,5.472857862355941
1,fr2,fr2_01.jpg,51.64761662443685
1,fr2,fr2_01.jpg,7.919804374470824
1,fr2,fr2_01.jpg,13.074712842269811
1,fr2,fr2_01.jpg,4.02003776527766
1,fr2,fr2_01.jpg,13.212518149751476
1,fr2,fr2_01.jpg,35.15525419717008
1,fr2,fr2_01.jpg,14.094354457214148
1,fr2,fr2_01.jpg,12.688963628555591
1,fr2,fr2_01.jpg,7.563145504510953
1,fr2,fr2_01.jpg,6.275602761009701
1,fr2,fr2_01.jpg,2.8327886186626583
1,fr2,fr2_01.jpg,47.26770435713032
1,fr2,fr2_01.jpg,10.07879397557333
1,fr2,fr2_01.jpg,4.493207473446882
1,fr2,fr2_01.jpg,2.908294118007452
1,fr2,fr2_01.jpg,4.640302782460846
1,fr2,fr2_01.jpg,3.7600649391128473
1,fr2,fr2_01.jpg,6.800691575672598
1,fr2,fr2_01.jpg,1.6666666666666667
1,fr2,fr2_01.jpg,1.2222222222222223
1,fr2,fr2_01.jpg,8.60506765992926
1,fr2,fr2_01.jpg,11.223512509520107
1,fr2,fr2_01.jpg,12.943171527411328
1,fr2,fr2_01.jpg,18.53772893831199
1,fr2,fr2_01.jpg,3.2527291485120995
1,fr2,fr2_01.jpg,2.882471504682855
1,fr2,fr2_01.jpg,8.250680078926239
1,fr2,fr2_01.jpg,1.617802197617893
1,fr2,fr2_01.jpg,3.446236093171294
1,fr2,fr2_01.jpg,12.806267101566636
1,fr2,fr2_01.jpg,3.3296275697270437
1,fr2,fr2_01.jpg,16.622736200515252
1,fr2,fr2_01.jpg,16.9877980266991
1,fr2,fr2_01.jpg,5.487032569193317
1,fr2,fr2_01.jpg,5.403214997502312
1,fr2,fr2_01.jpg,31.801975404563052
1,fr2,fr2_01.jpg,41.82692443712089
1,fr2,fr2_01.jpg,1.1331154474650633
1,fr2,fr2_01.jpg,5.904734289966063
1,fr2,fr2_01.jpg,5.0990195135927845
1,fr2,fr2_01.jpg,2.2054925823643563
1,fr2,fr2_01.jpg,2.8974232912011773
1,fr2,fr2_01.jpg,2.4368569110512563
1,fr2,fr2_01.jpg,26.344849269265087
1,fr2,fr2_01.jpg,9.345541261359681
1,fr2,fr2_01.jpg,2.8049956029043335
1,fr2,fr2_01.jpg,9.212684203020835
1,fr2,fr2_01.jpg,5.3256755919052985
1,fr2,fr2_01.jpg,15.255877848766879
1,fr2,fr2_01.jpg,20.532828106249937
1,fr2,fr2_01.jpg,5.693798155971517
1,fr2,fr2_01.jpg,3.4516054593353482
1,fr2,fr2_01.jpg,2.3985592383247667
1,fr2,fr2_01.jpg,45.58108918939024
1,fr2,fr2_01.jpg,2.1446594667367265
1,fr2,fr2_01.jpg,6.683102822451401
1,fr2,fr2_01.jpg,32.38201263207564
1,fr2,fr2_01.jpg,2.671292284482513
1,fr2,fr2_01.jpg,6.387681045246582
1,fr2,fr2_01.jpg,16.76866734993475
1,fr2,fr2_01.jpg,4.846214345446899
1,fr2,fr2_01.jpg,3.891195668126716
1,fr2,fr2_01.jpg,4.577640347009502
1,fr2,fr2_01.jpg,17.960396774148002
1,fr2,fr2_01.jpg,1.7568209223157663
1,fr2,fr2_01.jpg,53.29088261524287
1,fr2,fr2_01.jpg,20.334492629846725
1,fr2,fr2_01.jpg,1.617802197617893
1,fr2,fr2_01.jpg,14.847030955401841
1,fr2,fr2_01.jpg,12.160921213968495
1,fr2,fr2_01.jpg,8.937874830172216
1,fr2,fr2_01.jpg,3.551151362258416
1,fr2,fr2_01.jpg,2.3937781939241702
1,fr2,fr2_01.jpg,14.165910816781244
1,fr2,fr2_01.jpg,7.639729738889035
1,fr2,fr2_01.jpg,0.9428090415820632
1,fr2,fr2_01.jpg,12.95579120133041
1,fr2,fr2_01.jpg,15.127704529354162
1,fr2,fr2_01.jpg,6.140137084175486
1,fr2,fr2_01.jpg,5.218532565287713
1,fr2,fr2_01.jpg,2.7057323693079827
1,fr2,fr2_01.jpg,34.10537682106458
1,fr2,fr2_01.jpg,5.401273029970823
1,fr2,fr2_01.jpg,14.866111970371795
1,fr2,fr2_01.jpg,4.373798337569146
1,fr2,fr2_01.jpg,16.63442340530016
1,fr2,fr2_01.jpg,15.359728234997979
1,fr2,fr2_01.jpg,7.394471890910806
1,fr2,fr2_01.jpg,9.08900319278114
1,fr2,fr2_01.jpg,3.1778554769055756
1,fr2,fr2_01.jpg,3.59869660904481
1,fr2,fr2_01.jpg,13.630675089592216
1,fr2,fr2_01.jpg,4.786497603862343
1,fr2,fr2_01.jpg,5.353664416750234
1,fr2,fr2_01.jpg,4.074846878763503
1,fr2,fr2_01.jpg,6.537568595351325
1,fr2,fr2_01.jpg,8.778301988451595
1,fr2,fr2_01.jpg,3.958584826766003
1,fr2,fr2_01.jpg,11.382386466899511
1,fr2,fr2_01.jpg,6.743835500720731
1,fr2,fr2_01.jpg,5.407531772469695
1,fr2,fr2_01.jpg,4.734900484742407
1,fr2,fr2_01.jpg,5.2677506444010085
1,fr2,fr2_01.jpg,3.98486991460355
1,fr2,fr2_01.jpg,2.4956839112870486
1,fr2,fr2_01.jpg,5.2543202250925525
1,fr2,fr2_01.jpg,4.00864560770256
1,fr2,fr2_01.jpg,47.808996541866485
1,fr2,fr2_01.jpg,5.440647657008011
1,fr2,fr2_01.jpg,10.458975337849004
1,fr2,fr2_01.jpg,4.353781914756559
1,fr2,fr2_01.jpg,5.813858315186351
1,fr2,fr2_01.jpg,6.880392831886699
1,fr2,fr2_01.jpg,33.991879466432415
1,fr2,fr2_01.jpg,2.7125679146074893
1,fr2,fr2_01.jpg,7.759710975119162
1,fr2,fr2_01.jpg,2.4267032964268394
1,fr2,fr2_01.jpg,1.9782770905294287
1,fr2,fr2_01.jpg,9.958008293849394
1,fr2,fr2_01.jpg,16.65294777257408
1,fr2,fr2_01.jpg,11.824178694347744
1,fr2,fr2_01.jpg,2.2054925823643563
1,fr2,fr2_01.jpg,4.955618893411849
1,fr2,fr2_01.jpg,64.9169303030554
1,fr2,fr2_01.jpg,7.731489713190574
1,fr2,fr2_01.jpg,2.5825156319021425
1,fr2,fr2_01.jpg,3.7184750957360486
1,fr2,fr2_01.jpg,14.857841343271936
1,fr2,fr2_01.jpg,33.1707730085935
1,fr2,fr2_01.jpg,5.6966127380600815
1,fr2,fr2_01.jpg,6.3696917263693145
1,fr2,fr2_01.jpg,5.666765522969395
1,fr2,fr2_01.jpg,6.258828132889264
1,fr2,fr2_01.jpg,10.740774925039318
1,fr2,fr2_01.jpg,9.460797705676734
1,fr2,fr2_01.jpg,12.93394408655529
1,fr2,fr2_01.jpg,15.279735972837203
1,fr2,fr2_01.jpg,7.01307099175969
1,fr2,fr2_01.jpg,10.26401936309624
1,fr2,fr2_01.jpg,12.082361413657345
1,fr2,fr2_01.jpg,25.769332640605082
1,fr2,fr2_01.jpg,12.767474834395133
1,fr2,fr2_01.jpg,17.144225325255164
1,fr2,fr2_01.jpg,10.568119441753241
1,fr2,fr2_01.jpg,5.975529359539324
1,fr2,fr2_01.jpg,5.53252115769069
1,fr2,fr2_01.jpg,2.723922371584725
1,fr2,fr2_01.jpg,24.040785590150136
1,fr2,fr2_01.jpg,4.24386978831293
1,fr2,fr2_01.jpg,26.91771552788237
1,fr2,fr2_01.jpg,5.120924713910264
1,fr2,fr2_01.jpg,25.0317671014515
1,fr2,fr2_01.jpg,8.464863420524422
1,fr2,fr2_01.jpg,5.887493017965787
1,fr2,fr2_01.jpg,9.078854303320238
1,fr2,fr2_01.jpg,12.44000919375349
1,fr2,fr2_01.jpg,8.83868120513069
1,fr2,fr2_01.jpg,7.095306725297003
1,fr2,fr2_01.jpg,4.648004313896077
1,fr2,fr2_01.jpg,8.607844276099641
1,fr2,fr2_01.jpg,14.177425451619042
1,fr2,fr2_01.jpg,24.15424163366308
1,fr2,fr2_01.jpg,6.000112770759547
1,fr2,fr2_01.jpg,8.17218039873338
1,fr2,fr2_01.jpg,21.78791673691468
1,fr2,fr2_01.jpg,4.022515235244021
1,fr2,fr2_01.jpg,1.4487116456005886
1,fr2,fr2_01.jpg,3.892588486485879
1,fr2,fr2_01.jpg,2.797706291558705
1,fr2,fr2_01.jpg,8.734765623676871
1,fr2,fr2_01.jpg,9.962419778335631
1,fr2,fr2_01.jpg,9.085691599758462
1,fr2,fr2_01.jpg,5.736250420366742
1,fr2,fr2_01.jpg,9.33714024992927
1,fr2,fr2_01.jpg,3.8230612661940904
1,fr2,fr2_01.jpg,9.644834277998084
1,fr2,fr2_01.jpg,4.0016621984603145
1,fr2,fr2_01.jpg,3.240994345254734
1,fr2,fr2_01.jpg,3.4609883483015196
1,fr2,fr2_01.jpg,1.2668615834434866
1,fr2,fr2_01.jpg,2.732971972499743
1,fr2,fr2_01.jpg,4.859250675525158
1,fr2,fr2_01.jpg,6.087427507623596
1,fr2,fr2_01.jpg,6.516860285165582
1,fr2,fr2_01.jpg,7.515273250319739
1,fr2,fr2_01.jpg,66.72270158912698
1,fr2,fr2_01.jpg,27.7891361448773
1,fr2,fr2_01.jpg,3.5624932315291997
1,fr2,fr2_01.jpg,2.2138732050190306
1,fr2,fr2_01.jpg,38.23307879389029
1,fr2,fr2_01.jpg,24.39728447128518
1,fr2,fr2_01.jpg,7.236717782969025
1,fr2,fr2_01.jpg,22.760378892732078
1,fr2,fr2_01.jpg,10.414387821340547
1,fr2,fr2_01.jpg,11.033122005729638
1,fr2,fr2_01.jpg,10.642457211207988
1,fr2,fr2_01.jpg,5.189339207130871
1,fr2,fr2_01.jpg,2.864067354620929
1,fr2,fr2_01.jpg,3.66841732004748
1,fr2,fr2_01.jpg,47.93333766924413
1,fr2,fr2_01.jpg,6.899644695829064
1,fr2,fr2_01.jpg,3.7001835122992697
1,fr2,fr2_01.jpg,31.088994296767922
1,fr2,fr2_01.jpg,4.902380265171241
1,fr2,fr2_01.jpg,43.448181320028255
1,fr2,fr2_01.jpg,26.430511623799255
1,fr2,fr2_01.jpg,7.907512020751104
1,fr2,fr2_01.jpg,4.5869109809530295
1,fr2,fr2_01.jpg,19.814470329296817
1,fr2,fr2_01.jpg,60.52991443505895
1,fr2,fr2_01.jpg,6.999619069933685
1,fr2,fr2_01.jpg,9.707295912452587
1,fr2,fr2_01.jpg,9.865017908188841
1,fr2,fr2_01.jpg,7.486154827077597
1,fr2,fr2_01.jpg,329.514785048984
1,fr2,fr2_01.jpg,163.72548153528504
1,fr2,fr2_01.jpg,85.65156386260362
1,fr2,fr2_01.jpg,82.33079670766338
1,fr2,fr2_01.jpg,101.99636342438491
1,fr2,fr2_01.jpg,8.104563895075382
1,fr2,fr2_01.jpg,45.953459226681105
1,fr2,fr2_01.jpg,7.138696448698001
1,fr2,fr2_01.jpg,21.787848609918026
1,fr2,fr2_01.jpg,27.719250401169933
1,fr2,fr2_01.jpg,35.974179606822
1,fr2,fr2_01.jpg,13.515757309556994
1,fr2,fr2_01.jpg,3.965904066127722
1,fr2,fr2_01.jpg,7.4581382785377235
1,fr2,fr2_01.jpg,4.486322310393579
1,fr2,fr2_01.jpg,1.8392161508052054
1,fr2,fr2_01.jpg,18.481721936646245
1,fr2,fr2_01.jpg,33.51647757024912
1,fr2,fr2_01.jpg,3.9829885175410933
1,fr2,fr2_01.jpg,7.823506689610757
1,fr2,fr2_01.jpg,21.986289489904163
1,fr2,fr2_01.jpg,13.122649815673606
1,fr2,fr2_01.jpg,4.500857052046709
1,fr2,fr2_01.jpg,10.586692940128714
1,fr2,fr2_01.jpg,0.9558139185602919
1,fr2,fr2_01.jpg,5.033641066269755
1,fr2,fr2_01.jpg,62.78332719322491
1,fr2,fr2_01.jpg,14.674185946909809
1,fr2,fr2_01.jpg,10.02428439539949
1,fr2,fr2_01.jpg,5.211583909435782
1,fr2,fr2_01.jpg,1.8087578440110785
1,fr2,fr2_01.jpg,17.13569005804059
1,fr2,fr2_01.jpg,28.724660148133566
1,fr2,fr2_01.jpg,2.446968393949471
1,fr2,fr2_01.jpg,11.566381684771494
1,fr2,fr2_01.jpg,10.638306097950286
1,fr2,fr2_01.jpg,5.9548553874952255
1,fr2,fr2_01.jpg,4.635823922085418
1,fr2,fr2_01.jpg,7.902842901936536
1,fr2,fr2_01.jpg,29.768149069368164
1,fr2,fr2_01.jpg,50.39752707840976
1,fr2,fr2_01.jpg,24.916677502507028
1,fr2,fr2_01.jpg,4.399775527382962
1,fr2,fr2_01.jpg,3.5627447112050827
1,fr2,fr2_01.jpg,16.202154443988864
1,fr2,fr2_01.jpg,6.925813081509749
1,fr2,fr2_01.jpg,23.29567332009099
1,fr2,fr2_01.jpg,5.830951894845301
1,fr2,fr2_01.jpg,9.694511066791371
1,fr2,fr2_01.jpg,10.169542391149369
1,fr2,fr2_01.jpg,11.59187372590935
1,fr2,fr2_01.jpg,6.950673903371766
1,fr2,fr2_01.jpg,4.7713970022631615
1,fr2,fr2_01.jpg,9.540329629159741
1,fr2,fr2_01.jpg,8.289887151903635
1,fr2,fr2_01.jpg,25.139796842789902
1,fr2,fr2_01.jpg,19.373889032809885
1,fr2,fr2_01.jpg,3.681787005729087
1,fr2,fr2_01.jpg,9.017888479434141
1,fr2,fr2_01.jpg,41.64795094164205
1,fr2,fr2_01.jpg,80.682761772361
1,fr2,fr2_01.jpg,29.401255176267682
1,fr2,fr2_01.jpg,5.077339359533864
1,fr2,fr2_01.jpg,8.601701174593538
1,fr2,fr2_01.jpg,1.5908690070307059
1,fr2,fr2_01.jpg,5.741790356815344
1,fr2,fr2_01.jpg,8.469113543897567
1,fr2,fr2_01.jpg,2.312072449631646
1,fr2,fr2_01.jpg,16.44525412767033
1,fr2,fr2_01.jpg,3.564874655829431
1,fr2,fr2_01.jpg,19.962914103450228
1,fr2,fr2_01.jpg,2.1343747458109497
1,fr2,fr2_01.jpg,13.391208391063065
1,fr2,fr2_01.jpg,15.027418358624548
1,fr2,fr2_01.jpg,5.334490615181246
1,fr2,fr2_01.jpg,17.967207313858122
1,fr2,fr2_01.jpg,13.960764149269714
1,fr2,fr2_01.jpg,7.640316670289508
1,fr2,fr2_01.jpg,23.59598775173563
1,fr2,fr2_01.jpg,10.496806662090123
1,fr2,fr2_01.jpg,7.5856535848949385
1,fr2,fr2_01.jpg,9.149608909259303
1,fr2,fr2_01.jpg,7.52879032504835
1,fr2,fr2_01.jpg,28.413397413173648
1,fr2,fr2_01.jpg,5.62621728940985
1,fr2,fr2_01.jpg,8.775471906000654
1,fr2,fr2_01.jpg,10.267418589106056
1,fr2,fr2_01.jpg,3.9438997297737695
1,fr2,fr2_01.jpg,6.153119633369311
1,fr2,fr2_01.jpg,16.74117009361691
1,fr2,fr2_01.jpg,18.341173170854095
1,fr2,fr2_01.jpg,4.704601563609612
1,fr2,fr2_01.jpg,23.949135646167214
1,fr2,fr2_01.jpg,32.73084189680943
1,fr2,fr2_01.jpg,1.4229164972072996
1,fr2,fr2_01.jpg,21.00407151406232
1,fr2,fr2_01.jpg,19.067235582789092
1,fr2,fr2_01.jpg,53.29674243418032
1,fr2,fr2_01.jpg,15.93138505956238
1,fr2,fr2_01.jpg,7.465499504336282
1,fr2,fr2_01.jpg,25.621650933534887
1,fr2,fr2_01.jpg,9.084101108651348
1,fr2,fr2_01.jpg,13.786088895037821
1,fr2,fr2_01.jpg,16.82826765930172
1,fr2,fr2_01.jpg,13.328449252473098
1,fr2,fr2_01.jpg,15.611486905546592
1,fr2,fr2_01.jpg,6.259691635531033
1,fr2,fr2_01.jpg,27.877723851828456
1,fr2,fr2_01.jpg,10.466588339233835
1,fr2,fr2_01.jpg,2.5337231668869733
1,fr2,fr2_01.jpg,13.507663035544132
1,fr2,fr2_01.jpg,15.518408010377405
1,fr2,fr2_01.jpg,36.76899787503803
1,fr2,fr2_01.jpg,7.055597579995216
1,fr2,fr2_01.jpg,7.151824469179137
1,fr2,fr2_01.jpg,3.229875967499696
1,fr2,fr2_01.jpg,2.111111111111111
1,fr2,fr2_01.jpg,49.06851928054178
1,fr2,fr2_01.jpg,16.010579903162927
1,fr2,fr2_01.jpg,4.339027597725919
1,fr2,fr2_01.jpg,3.5311663515712675
1,fr2,fr2_01.jpg,24.302170373048092
1,fr2,fr2_01.jpg,9.736648785525473
1,fr2,fr2_01.jpg,5.278654897875423
1,fr2,fr2_01.jpg,16.903549476020814
1,fr2,fr2_01.jpg,14.22239526563677
1,fr2,fr2_01.jpg,12.187851426371118
1,fr2,fr2_01.jpg,3.3793125168323446
1,fr2,fr2_01.jpg,13.289292299697765
1,fr2,fr2_01.jpg,14.685645661053545
1,fr2,fr2_01.jpg,27.519147113869845
1,fr2,fr2_01.jpg,19.705384512735467
1,fr2,fr2_01.jpg,6.573387217938839
1,fr2,fr2_01.jpg,7.434748862467113
1,fr2,fr2_01.jpg,2.048787657176197
1,fr2,fr2_01.jpg,10.495177119503227
1,fr2,fr2_01.jpg,2.3282125322523037
1,fr2,fr2_01.jpg,6.4132292633220755
1,fr2,fr2_01.jpg,7.573463323388803
1,fr2,fr2_01.jpg,13.183995441660382
1,fr2,fr2_01.jpg,10.665980519548315
1,fr2,fr2_01.jpg,8.249974871025644
1,fr2,fr2_01.jpg,16.929993402692592
1,fr2,fr2_01.jpg,5.701555825285224
1,fr2,fr2_01.jpg,5.874846585530289
1,fr2,fr2_01.jpg,5.45770417274246
1,fr2,fr2_01.jpg,4.778979112259351
1,fr2,fr2_01.jpg,6.069159945408647
1,fr2,fr2_01.jpg,3.9495016968994383
1,fr2,fr2_01.jpg,3.9829885175410933
1,fr2,fr2_01.jpg,4.788994019352279
1,fr2,fr2_01.jpg,5.191704410377349
1,fr2,fr2_01.jpg,11.979819658156721
1,fr2,fr2_01.jpg,5.426840471028114
1,fr2,fr2_01.jpg,5.769543350648508
1,fr2,fr2_01.jpg,2.2662308949301266
1,fr2,fr2_01.jpg,18.65740177524406
1,fr2,fr2_01.jpg,5.257155280227339
1,fr2,fr2_01.jpg,10.984337427732662
1,fr2,fr2_01.jpg,15.357883588746878
1,fr2,fr2_01.jpg,23.773396993086244
1,fr2,fr2_01.jpg,12.721569914424498
1,fr2,fr2_01.jpg,5.669339856043755
1,fr2,fr2_01.jpg,3.6328406053937368
1,fr2,fr2_01.jpg,5.217491947499509
1,fr2,fr2_01.jpg,5.85695748285222
1,fr2,fr2_01.jpg,7.47770830760847
1,fr2,fr2_01.jpg,20.588811925648532
1,fr2,fr2_01.jpg,4.0
1,fr2,fr2_01.jpg,4.415736708216538
1,fr2,fr2_01.jpg,22.28218863750146
1,fr2,fr2_01.jpg,55.764264789458075
1,fr2,fr2_01.jpg,20.12324735750299
1,fr2,fr2_01.jpg,2.2470831573507426
1,fr2,fr2_01.jpg,16.71952834357954
1,fr2,fr2_01.jpg,18.153677473945372
1,fr2,fr2_01.jpg,26.83095712102092
1,fr2,fr2_01.jpg,7.069957982478308
1,fr2,fr2_01.jpg,19.690687445965352
1,fr2,fr2_01.jpg,53.76665330484434
1,fr2,fr2_01.jpg,41.198187739798264
1,fr2,fr2_01.jpg,2.4368569110512563
1,fr2,fr2_01.jpg,9.946367585020278
1,fr2,fr2_01.jpg,51.41806023832228
1,fr2,fr2_01.jpg,6.744500500920054
1,fr2,fr2_01.jpg,7.957196860359253
1,fr2,fr2_01.jpg,7.301482279075271
1,fr2,fr2_01.jpg,8.895819058216428
1,fr2,fr2_01.jpg,48.45944640535609
1,fr2,fr2_01.jpg,12.818015885034445
1,fr2,fr2_01.jpg,25.912101479512888
1,fr2,fr2_01.jpg,14.981530657836752
1,fr2,fr2_01.jpg,7.975412440103906
1,fr2,fr2_01.jpg,7.592725464151566
1,fr2,fr2_01.jpg,12.582007142959014
1,fr2,fr2_01.jpg,15.051928256295067
1,fr2,fr2_01.jpg,10.51690880573901
1,fr2,fr2_01.jpg,8.616054400490421
1,fr2,fr2_01.jpg,5.833750926017477
1,fr2,fr2_01.jpg,5.523121274390517
1,fr2,fr2_01.jpg,9.953540546234393
1,fr2,fr2_01.jpg,7.5639659208479895
1,fr2,fr2_01.jpg,4.383814930551779
1,fr2,fr2_01.jpg,7.547726295046001
1,fr2,fr2_01.jpg,2.0
1,fr2,fr2_01.jpg,6.420832648065083
1,fr2,fr2_01.jpg,40.50995072308169
1,fr2,fr2_01.jpg,40.65359030852872
1,fr2,fr2_01.jpg,26.68928571379033
1,fr2,fr2_01.jpg,4.449337345372906
1,fr2,fr2_01.jpg,2.1573875376608442
1,fr2,fr2_01.jpg,7.177352144066223
1,fr2,fr2_01.jpg,9.557068677722778
1,fr2,fr2_01.jpg,3.894412835309186
1,fr2,fr2_01.jpg,11.43749659052623
1,fr2,fr2_01.jpg,2.1372648957412603
1,fr2,fr2_01.jpg,4.47769331630653
1,fr2,fr2_01.jpg,3.8359280536116804
1,fr2,fr2_01.jpg,10.680508401688805
1,fr2,fr2_01.jpg,20.75110201873439
1,fr2,fr2_01.jpg,10.023185636079825
1,fr2,fr2_01.jpg,2.0030840419244385
1,fr2,fr2_01.jpg,6.781426324867524
1,fr2,fr2_01.jpg,15.409166079888621
1,fr2,fr2_01.jpg,12.521914059756948
1,fr2,fr2_01.jpg,3.6896172906370786
1,fr2,fr2_01.jpg,5.42157924473733
1,fr2,fr2_01.jpg,23.632470633378915
1,fr2,fr2_01.jpg,12.448697820402904
1,fr2,fr2_01.jpg,14.824921716349856
1,fr2,fr2_01.jpg,21.645896301200423
1,fr2,fr2_01.jpg,10.058370984890264
1,fr2,fr2_01.jpg,6.397630968649732
1,fr2,fr2_01.jpg,5.704786095161509
1,fr2,fr2_01.jpg,13.437285986997765
1,fr2,fr2_01.jpg,11.12013192953721
1,fr2,fr2_01.jpg,2.8910248513905974
1,fr2,fr2_01.jpg,14.308643190085544
1,fr2,fr2_01.jpg,19.250011646385005
1,fr2,fr2_01.jpg,21.284790717335515
1,fr2,fr2_01.jpg,2.6689804776587365
1,fr2,fr2_01.jpg,3.639630967590933
1,fr2,fr2_01.jpg,49.52614693866202
1,fr2,fr2_01.jpg,34.98095375522585
1,fr2,fr2_01.jpg,25.956636254562135
1,fr2,fr2_01.jpg,14.765703820246976
1,fr2,fr2_01.jpg,5.229802140364803
1,fr2,fr2_01.jpg,9.616853911178342
1,fr2,fr2_01.jpg,11.987233192240105
1,fr2,fr2_01.jpg,21.193913681591752
1,fr2,fr2_01.jpg,4.396860172173309
1,fr2,fr2_01.jpg,3.6666666666666665
1,fr2,fr2_01.jpg,44.55023938986516
1,fr2,fr2_01.jpg,11.333763453215774
1,fr2,fr2_01.jpg,49.74790856981938
1,fr2,fr2_01.jpg,7.177977840049119
1,fr2,fr2_01.jpg,6.5106629337572555
1,fr2,fr2_01.jpg,15.001542185465228
1,fr2,fr2_01.jpg,5.48721030127567
1,fr2,fr2_01.jpg,5.184470352662092
1,fr2,fr2_01.jpg,19.555212377139636
1,fr2,fr2_01.jpg,47.72699582820182
1,fr2,fr2_01.jpg,4.721677507551547
1,fr2,fr2_01.jpg,6.902266917118295
1,fr2,fr2_01.jpg,20.595428465129363
1,fr2,fr2_01.jpg,11.507116401341708
1,fr2,fr2_01.jpg,13.731530645480644
1,fr2,fr2_01.jpg,8.48332180888655
1,fr2,fr2_01.jpg,9.2606579011136
1,fr2,fr2_01.jpg,16.982593081459065
1,fr2,fr2_01.jpg,46.95961553885214
1,fr2,fr2_01.jpg,4.848448032915609
1,fr2,fr2_01.jpg,28.532494821306095
1,fr2,fr2_01.jpg,20.612521210624525
1,fr2,fr2_01.jpg,31.557495620769057
1,fr2,fr2_01.jpg,9.80903445630436
1,fr2,fr2_01.jpg,13.411132926728877
1,fr2,fr2_01.jpg,8.371035286259762
1,fr2,fr2_01.jpg,11.266086834958795
